rank,package_id,note
1,patancell-30days-5gb,"Nepal - everyday 30 day plan"
2,patancell-30days-10gb,"Nepal - 30 day high data"
3,patancell-7days-unlimited,"Nepal - unlimited for a week"
4,indicomm-30days-10gb,"India - 30 day high data"
5,burj-mobile-30days-10gb,"UAE - 30 day high data"
6,maew-in-30days-10gb,"Thailand - 30 day high data"
7,moshi-moshi-30days-10gb,"Japan - 30 day high data"
8,change-in-30days-10gb,"USA - 30 day high data"
9,uki-mobile-in-30days-10gb,"UK - 30 day high data"
10,asialink-7days-unlimited,"Asia zone - unlimited for a week"
11,eurolink-in-7days-UNL,"Europe zone - unlimited for a week"
12,discover+-in-7days-1gb-px,"Global zone - 260 networks, 7 days"